{
  "hash": "0d4c113b",
  "configHash": "485efae6",
  "lockfileHash": "982ec032",
  "browserHash": "635e9a77",
  "optimized": {
    "@angular/common": {
      "src": "../../../../../../node_modules/@angular/common/fesm2022/common.mjs",
      "file": "@angular_common.js",
      "fileHash": "47ce0f78",
      "needsInterop": false
    },
    "@angular/common/http": {
      "src": "../../../../../../node_modules/@angular/common/fesm2022/http.mjs",
      "file": "@angular_common_http.js",
      "fileHash": "b1a830fe",
      "needsInterop": false
    },
    "@angular/core": {
      "src": "../../../../../../node_modules/@angular/core/fesm2022/core.mjs",
      "file": "@angular_core.js",
      "fileHash": "dc2261af",
      "needsInterop": false
    },
    "@angular/forms": {
      "src": "../../../../../../node_modules/@angular/forms/fesm2022/forms.mjs",
      "file": "@angular_forms.js",
      "fileHash": "de78f479",
      "needsInterop": false
    },
    "@angular/platform-browser": {
      "src": "../../../../../../node_modules/@angular/platform-browser/fesm2022/platform-browser.mjs",
      "file": "@angular_platform-browser.js",
      "fileHash": "046cc93d",
      "needsInterop": false
    },
    "@angular/router": {
      "src": "../../../../../../node_modules/@angular/router/fesm2022/router.mjs",
      "file": "@angular_router.js",
      "fileHash": "4fc71098",
      "needsInterop": false
    }
  },
  "chunks": {
    "chunk-WII57EPS": {
      "file": "chunk-WII57EPS.js"
    },
    "chunk-MHRW3N4O": {
      "file": "chunk-MHRW3N4O.js"
    },
    "chunk-MCO6UI4J": {
      "file": "chunk-MCO6UI4J.js"
    },
    "chunk-RXLE57JX": {
      "file": "chunk-RXLE57JX.js"
    }
  }
}